coef	pval
(Intercept)	6.07805100242983	1.51586641081992e-15
loss	0.0336657907139863	1.51586641081992e-15
