coef	pval
(Intercept)	5.99408796262812	1.3196671334445e-18
loss	0.0510071851552437	1.3196671334445e-18
