coef	pval
(Intercept)	55.1849661634298	0.00103785604794427
loss	15.7251050253286	0.0314377346976177
